athlete_id,username
1955132,UCeQ7cYh7yfDAyPtnRaDP9ng
1541970,@fatimaezzahraaboufaras9602
1967346,UCS1N4Z6xbK2GNLHFx3hstkw
1566681,mutaz91h
1981481,kapsljr
1547098,@sriharinataraj421
1895688,@mrdvytb
1970912,yazingham100
1974855,UCDDnL5wNefur9SEPE9cZlmA
1948039,@lauris123451
1974072,@kingsleysc
1888188,UCQb-AGFT1xrqdpOYUXhCyTg
1895903,@nevboxing
1567361,@kaulivaast3747
1953609,UC8s9P0tGwdLxZxm1hFAD_Dw
1926816,UCvf9_URs9mizz1q7m_2zI3w
1878524,UCATKeq1x9uFTdhweuKPKYyA
1539530,UCjJeTeljpXWg7SbR8kbK6yQ
1903489,@boyermarine3969
1551058,CarloMacchini
1972513,UCrSGpNhEw62No8353MG_Xmw
1568163,UCTqD5LdFOLoTdQYLg_o_y4A
1544218,TobyClimbing
1903541,@freya_colbert
1955643,@jharvey2002
1893596,@syaqiera3281
1547004,YonaKnightWisdom7
1919803,UC_-B6y_-9O4M9ohzBcvnASQ
1897536,UCoj-O921_ZQZjsw3IZ4dL_A
1970214,JermainGrunberg
1928082,judoyoonhyunji
1555511,@zouhairathle
1942568,UCEYM0BVZCx0w5zZG15z3CXg
1920180,UCK9kJSE6j13_vTjrSbeitdQ
1572906,UCUYJ71--YeXN913BM-BvFXQ
1955777,@FilipeToledo77
1909131,UCMvEIQobVZYFQ58b7Ddnj2w
1959781,asherhong
1568167,UC_xh975WgQawjkYvID4ZJ1w
1960711,UCIK0rlPzvgI0tCwuHrtO82w
1571782,UCt87WmfG6sJHhSEFWIFa4Pw
1535444,@sofireinosokayak
1950500,UCKtd4Dc31M1Yq_HX18iJnsA
1913498,UCxgMln7l84ChI5_RCYb91uQ
1919847,UCtXKqaUBOs67CYY5Mn9R92A
1894411,@TheSuh0206
1909294,UC4FJUJRtjXC1fUP9ZdTSjBA
1553664,UCK4Yn64alW1WRA6GYvmJfdg
1930161,UC2n2KXTk6JeeiU8hWzyQwvw
1901041,@harrybrightmore1164
1939947,@underthesurfaceshow
1979904,@nesthypetecio1929
1903163,UCxEWmc_W80LkuwSgZ2uQ8zQ
1950956,@tshepisomasalela
1916080,Girl18JB
1962953,UCOUzqSpeqkoWycVuLVI7i1A
2008688,UCTVMGWuj_yCi_kJ5U7XveYg
1948383,@dannyleon
1940455,UC11pwceq5G0c8CnwNk478PA
1566609,UCK6Z2V4gfJbwj3UKhP_P_YA
1958377,hugocalderano
1944354,UCUYvmQyavedDFudlGjcdcOQ
1543507,UCsuXFSUskfLTolTrNT6Ma1Q
1981059,@shaun.maswanganyi
1961173,UCfvTUq2mjOO9rXO8Ucrry5A
1935780,@Thiernogym
1888993,UCkuVto4oGsgdEisvXlUaHvg
1880289,UCT8BMp2CACFP88kCGFwYI_w
1977856,UCrPRwDk506t8JOGZ8nY82dQ
1955706,@raiccaventuraskt2134
1563327,UC-x-W9no4NOQyON6ztarVCQ
1966335,UC41HCaMf3n2RMCLfxjsh0aA
1537150,@BeyondtheSport
1962788,@IbaDiaw
1960146,UCAHAFURG8i7RZHoh_caxYOw
1911829,UC4qfXKl7L-gsaOgXBaPsT_g
1954561,UC5RWJbSYPiM6wjBlaOX1pVw
1965587,OlavMolenaar
1964066,UCuYBuwI1MyLHKQo0Beg4_6g
1899130,UCdyQYqiryC7Ccxf-OS_OEwA
1950306,@piperkelly3740
1895670,AxelleEtienne
1896764,UCixkzwHvSNrgIQqCB0ElZJg
1961314,EleftheriosPetrounia
1897323,@yaseenabdalla8713
1976540,@lgiubi03
1911979,@mekdeswolduerab
1928585,UCYSvxThLoybkVAJEIXf8yTQ
1903712,UCJQqmLhWtih-cb-aHP8Bp5g
1946683,@Flickpong
1932686,UC-if_DvBageWLD8KtVVxjjA
1904438,@minimac400
1894533,UCP03HHD8DSsITg4dnMCjbvQ
1960169,@masairussell
1977663,UC6GgjU3f-tLF38h1x9kuhXw
1935410,@Gusman_kyrgyzbaev
1552086,@alexandermegos8129
1928520,@mateuszbiskup-sportowiec4162
1974825,UCl7P4xrPBQZ27u7OFx15l_Q
1915619,@AleMazzara
1955683,@gabrielamazetto
1926102,@missyavi6921
1915398,@vanrielmarten
1555109,aceventing
1912514,UCyCe2NyMeXB_JKWqVxajTuw
1976497,mooki25
1981083,@PrinsOT
1969167,@puckpieterse02
1544127,@andymac720
1955090,UCSZnP3pigRcmxgKLd_P0DQg
1558309,HUGOBEUREY
1880288,@JosephGarbaccio
1930773,UCz7x4VhnYo0Oebg0zR7pUfA
1966693,UChP2T5-1iJ_zptNRHVFWfsw
1535367,@danielapsouzan
1925635,UCXdfZ3WB1D91Tyd21mzTogw
1944408,daniavizzi1
1959811,@FrederickFlips
1969176,UC7-D6l10M6wJD46VPazzpRQ
1960232,UC8ia_q0OiFQb3IvQspmVSSw
1878624,@kristianblummenfelt7031
1955107,UCF8yIYXYJ71MhRJ5eNpl29g
1889632,corentinmoutetmusic
1925713,UCf2HFU6b3LeWBiexjANOe_A
1919826,UCKSKPC3h9S7f7fcpX_3S6Gw
1958813,@michaelyangyyh
1544123,UCjlQ_TVPXJFILEC7eANNGzg
3054235,levijungruivivar
1955689,@rayssalealSK8
1938792,@PedroPichardo1808
1903196,@NoahKuavita
1904741,UCbSFaCldaU8ea_r6VRrY1mQ
1897251,shachar851
1976022,@asisatoshoalaMON
1569323,UC0lpYBCukib9kZ7IQPq5IWw
1966697,UC6xcj1HWXCV2rKXBSgPDTyA
1977878,UC2b1_ri_T0mttbjwt8bGk6Q
1567022,@mariejosephefegue6103
1917760,KelseyRobinson23
1943202,@JJF
1917151,WesKitts
1553663,UCKwE39nr17fFr0gbx8pMbMw
1555537,UCrLh6pgoaTaK2j1eF2Exnmw
1965308,sydneymclaughlin
1956347,UCI57lAqexgxdLivw2NG8oCQ
1912536,@edl0we
1950968,UCpQzPJbkhoTP4w89fPKqthA
1940211,UCx6s3_B7FMRHtGMdMZVM12g
1909042,UCQrTh1DrYhCeJSU5m-pzyPg
1888826,@NavakauskasIgnas
1558732,UCJspcwUvdkVajsGd9DkBYoQ
1940555,UCIuH-o5dgRmaoQ8Lqvs0g6g
1904755,UCu-rJFVlr7ZAZ0en3RRALPw
1974065,@_jeromeblake
1879811,@caetanohorta6031
1944631,@justinbest3198
1912549,UCDPpE1sDHRxz4a7xjsEiMQA
1559994,@alonsocorrea7273
1946128,@ethan_ewing
1963661,UCr6r9GgqLGXMVzhMTbYmBVg
1918712,UCxRJdQ5hNtT5ZHzYB_RzGEA
1901089,UCjN4BF_Ry5WEf_zIqSV-_TQ
1552087,UCmBqnjdfgGpyvyDZ9JyAyyQ
1954051,marcuswalz
1954817,@olympianfoodie
1929977,@davidhurtadoec
1941731,@emmanouelafrroku1753
1956670,UCK_An_BwCkRyzKNXi904fIg
1894498,UC8rJBs2eZX_cXjKtyoPE1GQ
1896149,@cadenluiscunningham
1950498,UCwWyKCFez-w8yEWdqieOu8A
1973090,maxdolci
1961243,stam4100
1980759,@TrackFeverNetwork
1967636,UCLHvwqskvDxbNVI03xTfZlw
1957829,@ANDYCRIERE
1914905,UC6f0QEqWFQXeo6MTCzG5oUA
1901063,henryfieldman
1894405,@BAKJOOHYO
1972351,UCxQOHg_0TuNRxZ9vH30pibA
1916728,@teresabonvalot2574
1572245,UCMRs4yYKCsLzoSSa2YNL3UA
1550271,@nishantdevboxer
1928421,@Magda.Jurczyk
1968744,@farzadmansouri8043
1563335,UCl1d7bsKe5R7yGmt-hw6NCg
1912548,KieranReilly
1953496,RaizaGoul%C3%A3o
1974177,@LinkletterRory
1962611,UC-K5kQ5v13IhHbYJv0bpp8A
1901094,UC1Dvvys8zyJt-7MgBS76svw
1969174,UC-aeu552fkUp6sgsp9DD-Jg
1891307,@walidekhyar4360
1945749,UCq-UQ7omHzlM6InauW3M0EA
1935774,@NestorAbadGAM
1543967,@LeoBergere96
1955677,@Felipegustavoskate
1972288,ZusjesdeWitte
1945381,luukajones
1921583,@user-mr8hr6su1y
1895661,UCXmEgYN-3SAmGcB9x9XzaWw
1891524,UCsrZ3ccVqQ3cdXUrxEgX6gw
1975955,@iamc.okeke20
1942535,basketlas
1569819,@EnverYILDIRIM
1940441,@edwinatops-alexander3842
1892502,NaVi2034
1944696,@hhollings
1971188,@abiodundebby100
1953503,@vinitube6939
1950505,UC-7qpxnPgCuMqgUYu9CbsRg
1946081,@shanejoneill
1968258,UCjeUCVeua3cOwdR8ZA-T-JQ
1539969,@WiffenTwins
1539986,UCSLTx0-ypG69m5Zrugjw3HA
1917153,UCUgerf_NPMOJffAm_xYNskA
1967617,marta10
1953935,@pauerangerr
1558773,UCObrTiuRze47C02XKb1sBnQ
1936214,UC6z1-LPP4c2p4sqgtzLRc3w
1943206,@caroline_marks
1538627,@hannaprakatsen3664
1899846,UCqn8Ro_rrcOXQasZ6lqV_FA
1940220,@noahhavard2803
1952123,pauloandre1
1890963,@julian.david05
1946064,UCpRH26f0qke3T4vC-S_7EVw
1896032,JClarke1992
1956398,djokovicofficial
1888831,@arturseja317
1947528,@tillykearns
1888994,@AndersAntonsen_official
1940560,UCFGvfNESKxU7ZzZNitmP6xQ
1551121,@RomanBravoYoung
1951845,UCnRY9nyK9W8Ux1kB4DaiT3g
1891184,UCjTyNMZHFpPalBykg9Y3UtQ
1933823,RaquelQueiros
1879114,@aminazidani
1887962,UCHzzy5EjYvDXJlI2XOPcAqg
1539950,@SaltyNuts_
1560071,@LuccaMesinasTV
1944251,brycewettstein
1955694,@luigicini8199
1894103,UC8eNyF9eYwgr_K-Nl4gSHWw
1543317,@phildoylerowing4733
1571964,@huguesfabricezango_officiel
1920326,UCSuTKQBPX4E5Wmjt6RBD4HQ
1955949,UCAheJXxA8EwB10QyHDByaFg
1557964,UCxWANxLLfJdRouGYO-S0lbA
1536058,@mehranbarkhordari223
1964846,@weronikazielinska-stubinsk2921
1944731,@RiellyMilne
1968259,@kolkmanmollee2727
1900838,@TomDaley
1939734,UCOjkbQVd8iw1tBU9Y8jTrLw
1944707,@kateknifton7046
1961170,@fayskate
1939831,UCbeZCF2JP03CT_24UtU0q0Q
1880494,UC-Rd3U5brXfNPc3KhsKeTQQ
1906723,yvesbourhis29
1955300,@RamoftheEast
1897202,@obadaalkasbeh8895
1930739,@Taylor-Knibb
1913736,UC_SCWtDnvgbZ5SCHg70WDiw
1893575,UCXqytZNftss5ECwwfeKeiqw
1556834,TylerEdtmayer
1925999,@barbrabandatv3879
1898315,UCBUjmwubJlZ1HL0DkZWrSQw
1976502,UCQZBaBW_8mLZrnZxlb_tfQA
1537927,UCJN9lC0-kNVmdVeVOTF3Z-A
1912814,UC8MvhxOcwGMc16ZTzq1NiXQ
1965088,UC7tFL9HJ7dFMsW2driMKVNA
1903136,@remcoev
1896045,k1kim
1977963,UCX5Mr3Vh8dxehoVKHDfTUjA
1894541,@edilioolympicshooter
1954192,UCS1irAkX_dl1wVZPj2DaCoA
1551787,@coquiwrestling
1893252,UCZwDfSNdzbDLzGGPo5fmYgw
1965588,UCqJfAmXvmJM62qknejj6Ouw
1928412,@Czyrnianska
1965594,Doodboompje
1947236,UCphukaD3SVVH4Mila5cxl8w
1967340,UCERfmOcylnRriq1GgO4qBTg
1550218,@faysaw_official
1960688,UCadjwg7r7ULJK7aQiaP8Qdw
1960722,@valerieconstien8711
1545903,UCc2uc-4OIPLoiYz6dm5aAnw
1926342,poporsapsiree
1879343,@AnderslindTT
1973457,@JolienKnollema
1538482,carolebouzidiful
1905114,@MCPlamsi
1537188,@SebastianRivera-ek7dm
1907200,@diver1996tb
1944232,UCviSxznmY5IEfiV9u82Vb7A
1897833,@NarratedBlack
1939826,UCFy-GPDHYO8o7aLoPbf5w3g
1556615,UCrGL9dN3w25LELvzuKZP4cQ
1914533,@alexchoupenitch
1550978,@raffaelloivaldi9280
1898339,jemimayb7633
1563097,@edu_triple
1563618,@victoralvaresdeoliveira
1955673,DoraVarella
1892421,holten88
1961053,UCzfctFuZa4Hm2S3OAH5pRaw
1960930,@_charihawkins
1567359,@johannedefay
